id	title
S001	Passatempi
S002	Dieci soldi in plastilina
S003	Invece era un'altra
S004	Angoscia in caserma
S005	Andato al comando
S006	Di padre in figlio
S007	Paura sul sentiero
S008	E il settimo si riposò
S009	Uomo nei gerbidi
S010	Campo di mine
S011	I fratelli Bagnasco
S012	Ragionamento del cugino
S013	Cinque dopodomani: guerra finita!
S014	Alba sui rami nudi
S015	Come non fui Noè (Buon a nulla)
S016	Ultimo viene il corvo
S017	Visti alla mensa
S018	L'occhio del padrone
S019	Come un volo d'anitre
S020	La fame a Bévera
S021	Furto in una pasticceria
S022	Un bastimento carico di granchi
S023	I figli poltroni
S024	Il giardino incantato
S025	Impiccagione di un giudice
S026	Il bosco degli animali
S027	Si dorme come cani
S028	Com'era grande il mare
S029	Il gatto e il poliziotto
S030	Pranzo con un pastore
S031	Voglia di mare
S032	Isabella e Fioravanti
S033	Chi ha messo la mina nel mare?
S034	Dollari e vecchie mondane
S035	Freddo a Napoli
S036	Lasciare Anna
S037	Un pomeriggio, Adamo
S038	La casa degli alveari
S039	La stessa cosa del sangue
S040	Attesa della morte in un albergo
S041	Uno dei tre è ancora vivo
S042	L'avventura di un soldato
S043	Desiderio in novembre
S044	Lettera ad Amelia sui dischi volanti
S045	Storia del soldato che portò il cannone a casa
S046	Pesci grossi, pesci piccoli
S047	Cimitero di biciclette
S048	Mai nessuno degli uomini lo seppe
S049	Il reggimento smarrito
S050	L'avventura di una bagnante
S051	Un compagno venuto da lontano
S052	Un bel gioco dura poco
S053	Funghi in città
S054	La formica argentina
S055	Il piccione comunale
S056	La pietanziera
S057	Gli occhi del nemico
S058	La fabbrica occupata
S059	La ragazza licenziata
S060	Le disgrazie di un paese
S061	Il bosco sull'autostrada
S062	La cura delle vespe
S063	La storia di Kim-Ghi-U
S064	Paese infido
S065	Gli avanguardisti a Mentone
S066	L'aria buona
S067	L'entrata in guerra
S068	L'avventura di un impiegato
S069	Un paese disgraziato
S070	Il generale in biblioteca
S071	La fabbrica nella montagna
S072	Le notti dell'UNPA
S073	La bomba addormentata nel bosco
S074	Libertà! Libertà!
S075	I mozzatori di nasi
S076	Dove va l'avvoltoio?
S077	Il dittatore
S078	Lo jus primae noctis
S079	L'adultera
S080	La lente d'ingrandimento
S081	I Marziani
S082	La domenica delle follie
S083	Il coniglio velenoso
S084	L'avventura di un fotografo
S085	Un viaggio con le mucche
S086	Luna e Gnac
S087	La gran bonaccia delle Antille
S088	La speculazione edilizia
S089	Dialogo sul satellite
S090	Monologo notturno d'un nobile scozzese
S091	Una bella giornata di marzo
S092	La gallina di reparto
S093	La notte dei numeri
S094	L'avventura di un lettore
S095	La nuvola di smog
S096	La signora Paulatim
S097	L'avventura di un viaggiatore
S098	La villeggiatura in panchina
S099	Va' così che vai bene
S100	Un letto di passaggio
S101	L'avventura di un miope
S102	L'avventura di una moglie
S103	L'avventura di due sposi
S104	L'avventura di un poeta
S105	L'avventura di uno sciatore
S106	La strada di San Giovanni
S107	Diario in clinica
S108	Marcovaldo al supermarket
S109	La pioggia e le foglie
S110	La fermata sbagliata
S111	Fumo, vento e bolle di sapone
S112	Un sabato di sole, sabbia e sonno
S113	La città tutta per lui
S114	Il giardino dei gatti ostinati
S115	I figli di Babbo Natale
S116	Dov'è più azzurro il fiume
S117	La città smarrita nella neve
S118	La distanza della Luna
S119	Sul far del giorno
S120	Un segno nello spazio
S121	Tutto in un punto
S122	Senza colori
S123	Fino a che dura il Sole
S124	Lo zio acquatico
S125	La Luna come un fungo
S126	Giochi senza fine
S127	I meteoriti
S128	La forma dello spazio
S129	Quanto scommettiamo
S130	I Dinosauri
S131	Gli anni-luce
S132	La spirale
S133	Ti con zero
S134	I. Mitosi
S135	L'inseguimento
S136	I cristalli
S137	L'origine degli uccelli
S138	La memoria del mondo
S139	Il sangue, il mare
S140	Il guidatore notturno
S141	La molle Luna
S142	II. Meiosi
S143	III. Morte
S144	Il conte di Montecristo
S145	Le figlie della Luna
S146	Il cielo di pietra
S147	Tempesta solare
S148	Le conchiglie e il tempo
S149	La decapitazione dei capi
S150	Dall'opaco
S151	Il nome, il naso
S152	La taverna dei destini incrociati
S153	Ricordo di una battaglia
S154	Autobiografia di uno spettatore
S155	La pompa di benzina
S156	La glaciazione
S157	L'uomo di Neanderthal
S158	Montezuma
S159	Prima che tu dica «Pronto»
S160	La corsa delle giraffe
S161	Del mordersi la lingua
S162	Il fischio del merlo
S163	Del prendersela coi giovani
S164	Lettura di un'onda
S165	La pantofola spaiata
S166	Un chilo e mezzo di grasso d'oca
S167	Altre città
S168	Serpenti e teschi
S169	Il richiamo dell'acqua
S170	L'aiola di sabbia
S171	La poubelle agréée
S172	Il seno nudo
S173	Il crollo del tempo
S174	Parafrasi
S175	Lo specchio e il bersaglio
S176	La coscienza a posto
S177	Quattro favole d'Esopo per Valerio Adami
S178	Il gorilla albino
S179	L'altra euridice
S180	Essere pietra (per Alberto Magnelli)
S181	Le memorie di Casanova
S182	L'invasione degli storni
S183	Il silenzio e la città
S184	L'occhio e i pianeti
S185	Sapore Sapere
S186	Il mondo guarda il mondo
S187	La pancia del geco
S188	Quattro studi dal vero
S189	Viaggio nelle città di de Chirico
S190	La spada del sole
S191	La contemplazione delle stelle
S192	Gli amori delle tartarughe
S193	Il prato infinito
S194	Luna di pomeriggio
S195	Dal terrazzo
S196	Il museo dei formaggi
S197	Il marmo e il sangue
S198	L'ordine degli squamati
S199	Il modello dei modelli
S200	L'universo come specchio
S201	Come imparare a essere morto
S202	L'ultimo canale
S203	Il ricordo è bendato
S204	Un re in ascolto
S205	Il niente e il poco
S206	L'implosione
V001	Il sentiero dei nidi di ragno
V002	Ultimo viene il corvo
V003	Il visconte dimezzato
V004	L'entrata in guerra
V005	Il barone rampante
V006	I racconti
V007	La formica argentina
V008	Il cavaliere inesistente
V009	La giornata di uno scrutatore
V010	La speculazione edilizia
V011	Marcovaldo
V012	La nuvola di smog e La formica argentina
V013	Le cosmicomiche
V014	Ti con Zero
V015	La memoria del mondo
V016	Il castello dei destini incrociati
V017	Gli amori difficili
V018	Le città invisibili
V019	Il castello dei destini incrociati (riediz)
V020	Eremita a Parigi
V021	Se una notte d'inverno un viaggiatore
V022	Palomar
V023	Le cosmicomiche vecchie e nuove